{"epoch": 50, "train_loss": 0.6424765884876251, "train_acc": 76.19047619047619, "val_loss": 0.6345926523208618, "val_acc": 66.66666666666667, "_timestamp": 1746996092.1152391, "_runtime": 2130.85804104805, "_step": 49, "_wandb": {"runtime": 2130}}